<?xml version="1.0" encoding="UTF-8" ?>
<!DOCTYPE mapper PUBLIC "-//mybatis.org//DTD Mapper 3.0//EN" "http://mybatis.org/dtd/mybatis-3-mapper.dtd" >

<mapper namespace="com.lagou.mapper.IdustryMapper">

    <!--  1.统计各个城市招聘人数情况 top10 -->
    <select id="countCityPosition" resultType="ConverterVo">
        SELECT position_city as name ,COUNT(*) as value FROM position_info_v2
        WHERE position_city != ''
        GROUP BY position_city  ORDER BY value DESC
        LIMIT 10
    </select>
    <!-- 2.统计热门行业top10   -->
    <select id="countIndustryTop" resultType="IndustryVo">
        SELECT DISTINCT position_type_name  positionName, SUM(position_num)  AS num
        FROM position_type_info_v2
        GROUP BY position_type_name ORDER BY num DESC LIMIT 10;
    </select>

    <!-- 3.统计热门行业对比情况   -->
    <select id="getIndustryData" resultType="IndustryVo">
        SELECT position_type_name  positionName, SUM(position_num) num , DATE_FORMAT(update_time,'%Y-%m-%d') AS theDay
        FROM position_type_info_v2
        WHERE position_type_name = #{industryName}
        AND update_time &gt;= #{startDate}
        AND update_time &lt;= #{endDate}
        GROUP BY theDay

    </select>

    <!-- 4.统计10大高收入城市   -->
    <select id="countSalaryTop" resultType="SalaryVo">
        SELECT  ROUND((CONVERT(SUBSTRING_INDEX(position_salary,'-',1),DECIMAL(38,2)) +
	    CONVERT(REPLACE ( SUBSTRING_INDEX(position_salary,'-',-1) , 'K' , '' ),DECIMAL(38,2)))/2  ,2) AS salary,
        position_city AS cityName
        FROM position_info_v2
        GROUP BY position_city ORDER BY salary DESC LIMIT 10;
    </select>
</mapper>